transcript_title,transcript_file,code_file,function_name,data_source,analysis_intent,analysis_type,pattern_signature,adaptation_hint,ker_status,notes
Analyzing African-American achievements in R,raw-data/inspiration/Analyzing African-American achievements in R.txt,data-screencasts/african-american-achievements.Rmd,african_american_achievements,TidyTuesday 2020-06-09 dataset,"Explore distributions, group differences, and notable patterns in African-American achievements through cleaning, summarization, and visualization",EDA,load_inspect_scrape_reshape_trend_compare_visualize,Reuse for datasets that must be assembled from HTML or JSON sources before analysis,extracted,
Analyzing African-American history in R,raw-data/inspiration/Analyzing African-American history in R.txt,data-screencasts/african-american-history.Rmd,african_american_history,TidyTuesday 2020-06-16 dataset,"Explore and compare language patterns in African-American history using tokenization, grouped counts, and discriminative text analysis",EDA,load_inspect_reshape_tokenize_trend_compare_visualize,"Reuse for grouped text corpora that need tokenization, term comparison, and context-aware vocabulary analysis",extracted,
Analyzing and predicting horror movie ratings in R,raw-data/inspiration/Analyzing and predicting horror movie ratings in R.txt,data-screencasts/horror-movie-ratings.Rmd,predicting_horror_movie_ratings,TidyTuesday 2019-10-22 source files,"Predict or estimate outcomes in horror movie ratings using cleaned features, exploratory analysis, and model evaluation",Predictive,load_inspect_reshape_join_tokenize_trend_model_evaluate_visualize,"Reuse for tabular datasets with a clear outcome column, engineered features, and model evaluation needs",extracted,
Analyzing Animal Crossing in R,raw-data/inspiration/Analyzing Animal Crossing in R.txt,data-screencasts/animal-crossing.Rmd,animal_crossing,TidyTuesday 2020-05-05 source files,"Explore and compare language patterns in Animal Crossing using tokenization, grouped counts, and discriminative text analysis",EDA,load_inspect_reshape_join_tokenize_trend_compare_visualize,"Reuse for grouped text corpora that need tokenization, term comparison, and context-aware vocabulary analysis",extracted,
Analyzing art collections in R,raw-data/inspiration/Analyzing art collections in R.txt,data-screencasts/2021_01_12_tate_art.Rmd,art_collections,TidyTuesday 2021-01-12 dataset,"Explore distributions, group differences, and notable patterns in art collections through cleaning, summarization, and visualization",EDA,load_inspect_trend_compare_visualize,"Reuse for exploratory datasets that need schema inspection, grouped summaries, and visualization-first storytelling",extracted,approximate match to Tate art analysis
Analyzing Australian animal outcomes in R,raw-data/inspiration/Analyzing Australian animal outcomes in R.txt,data-screencasts/australian-animal-outcomes.Rmd,australian_animal_outcomes,TidyTuesday 2020-07-21 dataset,"Explore geographic and temporal variation in Australian animal outcomes through joins, summarization, and mapping",EDA,load_inspect_scrape_reshape_join_map_trend_compare_visualize,"Reuse for web-sourced reference tables that need cleaning, joining, and geographic display",extracted,
Analyzing beach volleyball in R,raw-data/inspiration/Analyzing beach volleyball in R.txt,data-screencasts/beach-volleyball.Rmd,beach_volleyball,TidyTuesday 2020-05-19 dataset,"Explore, explain, and model patterns in beach volleyball using engineered features and comparative summaries",Modeling,load_inspect_reshape_join_trend_model_evaluate_visualize,Reuse for structured datasets where descriptive analysis leads into explanatory or predictive models,extracted,
Analyzing Beyonce and Taylor Swift lyrics in R,raw-data/inspiration/Analyzing Beyonce and Taylor Swift lyrics in R.txt,data-screencasts/2020_09_29_taylor_swift_beyonce.Rmd,beyonce_taylor_swift_lyrics,"TidyTuesday 2020-09-29 lyrics, sales, and chart data for Beyonce and Taylor Swift","Compare artist and album language patterns using tokenization, tf-idf, and log-odds alongside sales context",EDA,text_tokenize_compare_tf_idf_log_odds_visualize,"Reuse for multi-group text corpora with document, term, and count structure",reviewed,
Analyzing bike frequencies in Seattle in R,raw-data/inspiration/Analyzing bike frequencies in Seattle in R.txt,data-screencasts/bike_traffic.Rmd,bike_frequencies_seattle,TidyTuesday 2019-04-02 source files,"Explore distributions, group differences, and notable patterns in bike frequencies in Seattle through cleaning, summarization, and visualization",EDA,load_inspect_reshape_trend_compare_visualize,"Reuse for exploratory datasets that need schema inspection, grouped summaries, and visualization-first storytelling",extracted,approximate match to bike traffic analysis
Analyzing bird collisions with bootstrapping in R,raw-data/inspiration/Analyzing bird collisions with bootstrapping in R.txt,data-screencasts/bird-collisions.Rmd,bird_collisions_bootstrapping,TidyTuesday 2019-04-30 source files,"Explore distributions, group differences, and notable patterns in bird collisions with bootstrapping through cleaning, summarization, and visualization",EDA,load_inspect_reshape_join_trend_simulate_compare_visualize,"Reuse for messy multi-table datasets that need reshaping, enrichment, and grouped summaries before plotting",extracted,
Analyzing board games and predicting ratings in R,raw-data/inspiration/Analyzing board games and predicting ratings in R.txt,data-screencasts/board-games.Rmd,board_games_predicting_ratings,TidyTuesday 2019-03-12 source files,"Predict or estimate outcomes in board games and predicting ratings using cleaned features, exploratory analysis, and model evaluation",Predictive,load_inspect_reshape_join_tokenize_trend_model_evaluate_visualize,"Reuse for tabular datasets with a clear outcome column, engineered features, and model evaluation needs",extracted,
Analyzing Bob Ross paintings in R,raw-data/inspiration/Analyzing Bob Ross paintings in R.txt,data-screencasts/bob-ross.Rmd,bob_ross_paintings,TidyTuesday 2019-08-06 source files,"Explore and compare language patterns in Bob Ross paintings using tokenization, grouped counts, and discriminative text analysis",EDA,load_inspect_reshape_tokenize_compare_visualize,"Reuse for grouped text corpora that need tokenization, term comparison, and context-aware vocabulary analysis",extracted,
Analyzing Broadway shows in R,raw-data/inspiration/Analyzing Broadway shows in R.txt,data-screencasts/broadway.Rmd,broadway_shows,TidyTuesday 2020-04-28 dataset,"Explore distributions, group differences, and notable patterns in Broadway shows through cleaning, summarization, and visualization",EDA,load_inspect_trend_compare_visualize,"Reuse for exploratory datasets that need schema inspection, grouped summaries, and visualization-first storytelling",extracted,
Analyzing car fuel efficiency in R,raw-data/inspiration/Analyzing car fuel efficiency in R.txt,data-screencasts/car-economy.Rmd,car_fuel_efficiency,TidyTuesday 2019-10-15 source files,"Explore, explain, and model patterns in car fuel efficiency using engineered features and comparative summaries",Modeling,load_inspect_reshape_trend_model_evaluate_visualize,Reuse for structured datasets where descriptive analysis leads into explanatory or predictive models,extracted,
Analyzing caribou locations in R,raw-data/inspiration/Analyzing caribou locations in R.txt,data-screencasts/caribou-locations.Rmd,caribou_locations,TidyTuesday 2020-06-23 dataset,"Explore geographic and temporal variation in caribou locations through joins, summarization, and mapping",EDA,load_inspect_map_trend_compare_visualize,"Reuse for geographic datasets with region codes, time fields, and map-ready joins",extracted,
Analyzing Chopped epiodes in R,raw-data/inspiration/Analyzing Chopped epiodes in R.txt,data-screencasts/2020_08_25_chopped.Rmd,chopped_epiodes,TidyTuesday 2020-08-25 dataset,"Predict or estimate outcomes in Chopped epiodes using cleaned features, exploratory analysis, and model evaluation",Predictive,load_inspect_reshape_join_trend_model_evaluate_visualize,"Reuse for tabular datasets with a clear outcome column, engineered features, and model evaluation needs",extracted,
Analyzing cocktail recipes in R,raw-data/inspiration/Analyzing cocktail recipes in R.txt,data-screencasts/cocktails.Rmd,cocktail_recipes,TidyTuesday 2020-05-26 dataset,"Explore and compare language patterns in cocktail recipes using tokenization, grouped counts, and discriminative text analysis",EDA,load_inspect_tokenize_compare_visualize,"Reuse for grouped text corpora that need tokenization, term comparison, and context-aware vocabulary analysis",extracted,
Analyzing code in CRAN packages in R,raw-data/inspiration/Analyzing code in CRAN packages in R.txt,data-screencasts/cran-code.Rmd,code_cran_packages,TidyTuesday 2019-11-12 dataset,"Explore and compare language patterns in code in CRAN packages using tokenization, grouped counts, and discriminative text analysis",EDA,load_inspect_reshape_join_tokenize_compare_visualize,"Reuse for grouped text corpora that need tokenization, term comparison, and context-aware vocabulary analysis",extracted,
Analyzing coffee ratings in R,raw-data/inspiration/Analyzing coffee ratings in R.txt,data-screencasts/coffee-ratings.Rmd,coffee_ratings,TidyTuesday 2020-07-07 dataset,"Explore and compare language patterns in coffee ratings using tokenization, grouped counts, and discriminative text analysis",Modeling,load_inspect_reshape_tokenize_model_evaluate_visualize,"Reuse for grouped text corpora that need tokenization, term comparison, and context-aware vocabulary analysis",extracted,
Analyzing college major & income data in R,raw-data/inspiration/Analyzing college major & income data in R.txt,data-screencasts/college-majors.Rmd,college_major_income,Local source files read in episode: https://raw.githubusercontent.com/rfordatascience/tidytuesday/master/data/2018-10-16/recent-grads.csv,"Explore, explain, and model patterns in college major & income using engineered features and comparative summaries",Modeling,load_inspect_reshape_model_evaluate_visualize,Reuse for structured datasets where descriptive analysis leads into explanatory or predictive models,extracted,
Analyzing data on R downloads,raw-data/inspiration/Analyzing data on R downloads.txt,data-screencasts/r-downloads.Rmd,downloads,"Local source files read in episode: http://cran-logs.rstudio.com/2018/2018-10-27.csv.gz, https://raw.githubusercontent.com/rfordatascience/tidytuesday/master/data/2018-10-30/r_downloads_year.csv","Explore distributions, group differences, and notable patterns in data on R downloads through cleaning, summarization, and visualization",EDA,load_inspect_reshape_trend_compare_visualize,"Reuse for exploratory datasets that need schema inspection, grouped summaries, and visualization-first storytelling",extracted,
Analyzing data on women in the workplace in R,raw-data/inspiration/Analyzing data on women in the workplace in R.txt,data-screencasts/women-workplace.Rmd,women_workplace,TidyTuesday 2019-03-05 source files,"Explore distributions, group differences, and notable patterns in data on women in the workplace through cleaning, summarization, and visualization",EDA,load_inspect_trend_compare_visualize,"Reuse for exploratory datasets that need schema inspection, grouped summaries, and visualization-first storytelling",extracted,
Analyzing deforestation in R,raw-data/inspiration/Analyzing deforestation in R.txt,data-screencasts/2021_04_06_deforestation.Rmd,deforestation,TidyTuesday 2021-04-06 dataset,"Explore and compare language patterns in deforestation using tokenization, grouped counts, and discriminative text analysis",EDA,load_inspect_reshape_join_tokenize_map_trend_compare_visualize,"Reuse for grouped text corpora that need tokenization, term comparison, and context-aware vocabulary analysis",extracted,
Analyzing dolphin data in R,raw-data/inspiration/Analyzing dolphin data in R.txt,data-screencasts/cetaceans.Rmd,dolphin,Local source files read in episode: https://raw.githubusercontent.com/rfordatascience/tidytuesday/master/data/2018-12-18/allCetaceanData.csv,"Explore, explain, and model patterns in dolphin using engineered features and comparative summaries",Modeling,load_inspect_trend_model_evaluate_visualize,Reuse for structured datasets where descriptive analysis leads into explanatory or predictive models,extracted,match by marine mammal dataset
Analyzing employment and earnings in R,raw-data/inspiration/Analyzing employment and earnings in R.txt,data-screencasts/2021_02_23_employment_earnings.Rmd,employment_earnings,TidyTuesday 2021-02-23 dataset,"Explore distributions, group differences, and notable patterns in employment and earnings through cleaning, summarization, and visualization",EDA,load_inspect_reshape_trend_compare_visualize,"Reuse for exploratory datasets that need schema inspection, grouped summaries, and visualization-first storytelling",extracted,
Analyzing European energy in R,raw-data/inspiration/Analyzing European energy in R.txt,data-screencasts/2020_08_04_europe_energy.Rmd,european_energy,TidyTuesday 2020-08-04 dataset,"Explore and compare language patterns in European energy using tokenization, grouped counts, and discriminative text analysis",EDA,load_inspect_reshape_tokenize_trend_compare_visualize,"Reuse for grouped text corpora that need tokenization, term comparison, and context-aware vocabulary analysis",extracted,
Analyzing exploring US beer production in R,raw-data/inspiration/Analyzing exploring US beer production in R.txt,data-screencasts/beer-production.Rmd,exploring_beer_production,TidyTuesday 2020-03-31 source files,"Explore geographic and temporal variation in exploring US beer production through joins, summarization, and mapping",EDA,load_inspect_join_map_trend_compare_visualize,"Reuse for geographic datasets with region codes, time fields, and map-ready joins",extracted,
Analyzing extinct plants in R,raw-data/inspiration/Analyzing extinct plants in R.txt,data-screencasts/2020_08_18_extinct_plants.Rmd,extinct_plants,TidyTuesday 2020-08-18 dataset,"Explore and compare language patterns in extinct plants using tokenization, grouped counts, and discriminative text analysis",EDA,load_inspect_scrape_join_tokenize_trend_compare_visualize,"Reuse for grouped text corpora that need tokenization, term comparison, and context-aware vocabulary analysis",extracted,
Analyzing franchise revenue in R,raw-data/inspiration/Analyzing franchise revenue in R.txt,data-screencasts/media-franchises.Rmd,franchise_revenue,TidyTuesday 2019-07-02 source files,"Explore distributions, group differences, and notable patterns in franchise revenue through cleaning, summarization, and visualization",EDA,load_inspect_join_compare_visualize,"Reuse for exploratory datasets that need schema inspection, grouped summaries, and visualization-first storytelling",extracted,topic match to media franchises revenue
Analyzing Friends transcripts in R,raw-data/inspiration/Analyzing Friends transcripts in R.txt,data-screencasts/2020_09_08_friends.Rmd,friends_transcripts,TidyTuesday 2020-09-08 dataset,"Explore and compare language patterns in Friends transcripts using tokenization, grouped counts, and discriminative text analysis",Modeling,load_inspect_reshape_join_tokenize_trend_model_evaluate_visualize,"Reuse for grouped text corpora that need tokenization, term comparison, and context-aware vocabulary analysis",extracted,
Analyzing GDPR violations in R,raw-data/inspiration/Analyzing GDPR violations in R.txt,data-screencasts/gdpr.Rmd,gdpr_violations,TidyTuesday 2020-04-21 dataset,"Explore distributions, group differences, and notable patterns in GDPR violations through cleaning, summarization, and visualization",EDA,load_inspect_reshape_join_trend_compare_visualize,"Reuse for messy multi-table datasets that need reshaping, enrichment, and grouped summaries before plotting",extracted,
Analyzing global crop yields in R,raw-data/inspiration/Analyzing global crop yields in R.txt,data-screencasts/2020_09_01_crop_yields.Rmd,global_crop_yields,TidyTuesday 2020-09-01 dataset,"Explore distributions, group differences, and notable patterns in global crop yields through cleaning, summarization, and visualization",EDA,load_inspect_reshape_trend_compare_visualize,"Reuse for exploratory datasets that need schema inspection, grouped summaries, and visualization-first storytelling",extracted,
Analyzing government spending on kids in R,raw-data/inspiration/Analyzing government spending on kids in R.txt,data-screencasts/2020_09_15_government_spending_kids.Rmd,government_spending_kids,TidyTuesday 2020-09-15 dataset,"Explore distributions, group differences, and notable patterns in government spending on kids through cleaning, summarization, and visualization",EDA,load_inspect_reshape_trend_compare_visualize,"Reuse for exploratory datasets that need schema inspection, grouped summaries, and visualization-first storytelling",extracted,
Analyzing HBCU enrollment in R,raw-data/inspiration/Analyzing HBCU enrollment in R.txt,data-screencasts/2021_02_02_hbcu.Rmd,hbcu_enrollment,TidyTuesday 2021-02-02 dataset,"Explore distributions, group differences, and notable patterns in HBCU enrollment through cleaning, summarization, and visualization",EDA,load_inspect_reshape_join_trend_compare_visualize,"Reuse for messy multi-table datasets that need reshaping, enrichment, and grouped summaries before plotting",extracted,
Analyzing Himalayan climbers in R,raw-data/inspiration/Analyzing Himalayan climbers in R.txt,data-screencasts/2020_09_22_himalayan_climbers.Rmd,himalayan_climbers,"TidyTuesday 2020-09-22 Himalayan climbers data: peaks, expeditions, and members tables","Explore expedition outcomes, climbing duration, and peak-level success patterns across Himalayan expeditions",EDA,load_inspect_recode_summarize_compare_visualize,"Reuse for event or expedition datasets with outcome labels, elapsed time, and group-level summaries",reviewed,
Analyzing historical phones in R,raw-data/inspiration/Analyzing historical phones in R.txt,data-screencasts/2020_11_10_phone_history.Rmd,historical_phones,TidyTuesday 2020-11-10 dataset,"Explore geographic and temporal variation in historical phones through joins, summarization, and mapping",EDA,load_inspect_reshape_join_map_trend_compare_visualize,"Reuse for geographic datasets with region codes, time fields, and map-ready joins",extracted,
Analyzing horror movie profits in R,raw-data/inspiration/Analyzing horror movie profits in R.txt,data-screencasts/movie-profit.Rmd,horror_movie_profits,Local source files read in episode: https://raw.githubusercontent.com/rfordatascience/tidytuesday/master/data/2018-10-23/movie_profit.csv,"Explore distributions, group differences, and notable patterns in horror movie profits through cleaning, summarization, and visualization",EDA,load_inspect_reshape_trend_compare_visualize,"Reuse for exploratory datasets that need schema inspection, grouped summaries, and visualization-first storytelling",extracted,
Analyzing IKEA furniture in R,raw-data/inspiration/Analyzing IKEA furniture in R.txt,data-screencasts/2020_11_03_ikea.Rmd,ikea_furniture,TidyTuesday 2020-11-03 dataset,"Explore, explain, and model patterns in IKEA furniture using engineered features and comparative summaries",Modeling,load_inspect_trend_model_evaluate_visualize,Reuse for structured datasets where descriptive analysis leads into explanatory or predictive models,extracted,
Analyzing incarceration data in R,raw-data/inspiration/Analyzing incarceration data in R.txt,,incarceration,,,,,,needs_mapping,no matching Rmd found; likely missing codebook-based analysis from Vera Institute dataset https://github.com/vera-institute/incarceration_trends/blob/master/incarceration_trends-Codebook.pdf?raw=true
Analyzing malaria incidence in R,raw-data/inspiration/Analyzing malaria incidence in R.txt,data-screencasts/malaria.Rmd,malaria_incidence,"Local source files read in episode: https://raw.githubusercontent.com/rfordatascience/tidytuesday/master/data/2018-11-13/malaria_deaths.csv, https://raw.githubusercontent.com/rfordatascience/tidytuesday/master/data/2018-11-13/malaria_inc.csv","Explore geographic and temporal variation in malaria incidence through joins, summarization, and mapping",EDA,load_inspect_reshape_join_map_trend_compare_visualize,"Reuse for geographic datasets with region codes, time fields, and map-ready joins",extracted,
Analyzing Maryland bridges with R,raw-data/inspiration/Analyzing Maryland bridges with R.txt,data-screencasts/baltimore_bridges.Rmd,maryland_bridges,Local source files read in episode: https://raw.githubusercontent.com/rfordatascience/tidytuesday/master/data/2018-11-27/baltimore_bridges.csv,"Explore, explain, and model patterns in Maryland bridges using engineered features and comparative summaries",Modeling,load_inspect_model_evaluate_visualize,Reuse for structured datasets where descriptive analysis leads into explanatory or predictive models,extracted,
Analyzing Medium articles with R,raw-data/inspiration/Analyzing Medium articles with R.txt,data-screencasts/medium-datasci.Rmd,medium_articles,Local source files read in episode: https://raw.githubusercontent.com/rfordatascience/tidytuesday/master/data/2018-12-04/medium_datasci.csv,"Predict or estimate outcomes in Medium articles using cleaned features, exploratory analysis, and model evaluation",Predictive,load_inspect_reshape_join_tokenize_trend_model_evaluate_visualize,"Reuse for tabular datasets with a clear outcome column, engineered features, and model evaluation needs",extracted,
Analyzing NCAA Women's Basketball,raw-data/inspiration/Analyzing NCAA Women's Basketball.txt,data-screencasts/2020_10_06_ncaa_womens_basketball.Rmd,ncaa_women_s_basketball,TidyTuesday 2020-10-06 dataset,"Explore distributions, group differences, and notable patterns in NCAA Women's Basketball through cleaning, summarization, and visualization",EDA,load_inspect_trend_compare_visualize,"Reuse for exploratory datasets that need schema inspection, grouped summaries, and visualization-first storytelling",extracted,
Analyzing Netflix titles in R,raw-data/inspiration/Analyzing Netflix titles in R.txt,data-screencasts/2021_04_20_netflix_titles.Rmd,netflix_titles,TidyTuesday 2021-04-20 dataset,"Predict or estimate outcomes in Netflix titles using cleaned features, exploratory analysis, and model evaluation",Predictive,load_inspect_reshape_join_tokenize_trend_model_evaluate_visualize,"Reuse for tabular datasets with a clear outcome column, engineered features, and model evaluation needs",extracted,
Analyzing Ninja Warrior in R,raw-data/inspiration/Analyzing Ninja Warrior in R.txt,data-screencasts/2020_12_15_ninja_warrior.Rmd,ninja_warrior,TidyTuesday 2020-12-15 dataset,"Explore and compare language patterns in Ninja Warrior using tokenization, grouped counts, and discriminative text analysis",EDA,load_inspect_tokenize_trend_compare_visualize,"Reuse for grouped text corpora that need tokenization, term comparison, and context-aware vocabulary analysis",extracted,
Analyzing Nobel Prize winners in R,raw-data/inspiration/Analyzing Nobel Prize winners in R.txt,data-screencasts/nobel-prize.Rmd,nobel_prize_winners,TidyTuesday 2019-05-14 source files,"Explore distributions, group differences, and notable patterns in Nobel Prize winners through cleaning, summarization, and visualization",EDA,load_inspect_join_trend_compare_visualize,"Reuse for exploratory datasets that need schema inspection, grouped summaries, and visualization-first storytelling",extracted,
Analyzing NYC restaurant inspections with R,raw-data/inspiration/Analyzing NYC restaurant inspections with R.txt,data-screencasts/nyc-restaurants.Rmd,nyc_restaurant_inspections,Local source files read in episode: https://data.cityofnewyork.us/api/views/43nn-pn8j/rows.csv,"Explore distributions, group differences, and notable patterns in NYC restaurant inspections through cleaning, summarization, and visualization",EDA,load_inspect_reshape_join_trend_compare_visualize,"Reuse for messy multi-table datasets that need reshaping, enrichment, and grouped summaries before plotting",extracted,
Analyzing penguins in R,raw-data/inspiration/Analyzing penguins in R.txt,data-screencasts/2020_07_28_penguins.Rmd,penguins,TidyTuesday 2020-07-28 dataset,"Predict or estimate outcomes in penguins using cleaned features, exploratory analysis, and model evaluation",Predictive,load_inspect_reshape_trend_model_evaluate_visualize,"Reuse for tabular datasets with a clear outcome column, engineered features, and model evaluation needs",extracted,
Analyzing pet names in Seattle in R,raw-data/inspiration/Analyzing pet names in Seattle in R.txt,data-screencasts/seattle-pets.Rmd,pet_names_seattle,TidyTuesday 2019-03-26 source files,"Explore distributions, group differences, and notable patterns in pet names in Seattle through cleaning, summarization, and visualization",EDA,load_inspect_join_trend_simulate_compare_visualize,"Reuse for exploratory datasets that need schema inspection, grouped summaries, and visualization-first storytelling",extracted,
Analyzing pizza ratings in R,raw-data/inspiration/Analyzing pizza ratings in R.txt,data-screencasts/nyc-pizza.Rmd,pizza_ratings,TidyTuesday 2019-10-01 source files,"Explore, explain, and model patterns in pizza ratings using engineered features and comparative summaries",Modeling,load_inspect_reshape_join_trend_model_evaluate_visualize,Reuse for structured datasets where descriptive analysis leads into explanatory or predictive models,extracted,
Analyzing plastic waste across countries in R,raw-data/inspiration/Analyzing plastic waste across countries in R.txt,data-screencasts/plastic-waste.Rmd,plastic_waste_across_countries,TidyTuesday 2019-05-21 source files,"Explore distributions, group differences, and notable patterns in plastic waste across countries through cleaning, summarization, and visualization",EDA,load_inspect_join_trend_compare_visualize,"Reuse for exploratory datasets that need schema inspection, grouped summaries, and visualization-first storytelling",extracted,
Analyzing post offices in R,raw-data/inspiration/Analyzing post offices in R.txt,data-screencasts/2021_04_13_post_offices.Rmd,post_offices,TidyTuesday 2021-04-13 dataset,"Explore distributions, group differences, and notable patterns in post offices through cleaning, summarization, and visualization",EDA,load_inspect_reshape_join_trend_compare_visualize,"Reuse for messy multi-table datasets that need reshaping, enrichment, and grouped summaries before plotting",extracted,
Analyzing predicting wine ratings in R,raw-data/inspiration/Analyzing predicting wine ratings in R.txt,data-screencasts/wine-ratings.Rmd,predicting_wine_ratings,TidyTuesday 2019-05-28 source files,"Predict or estimate outcomes in wine ratings using cleaned features, exploratory analysis, and model evaluation",Predictive,load_inspect_join_tokenize_trend_model_evaluate_visualize,"Reuse for tabular datasets with a clear outcome column, engineered features, and model evaluation needs",extracted,
Analyzing ratings and scripts from The Office in R,raw-data/inspiration/Analyzing ratings and scripts from The Office in R.txt,data-screencasts/office-transcripts.Rmd,ratings_scripts_from_office,TidyTuesday 2020-03-17 source files,"Predict or estimate outcomes in ratings and scripts from The Office using cleaned features, exploratory analysis, and model evaluation",Predictive,load_inspect_reshape_join_tokenize_model_evaluate_visualize,"Reuse for tabular datasets with a clear outcome column, engineered features, and model evaluation needs",extracted,
Analyzing Simpsons guest stars and dialogue in R,raw-data/inspiration/Analyzing Simpsons guest stars and dialogue in R.txt,data-screencasts/simpsons-guests.Rmd,simpsons_guest_stars_dialogue,TidyTuesday 2019-08-27 source files,"Explore and compare language patterns in Simpsons guest stars and dialogue using tokenization, grouped counts, and discriminative text analysis",EDA,load_inspect_reshape_join_tokenize_compare_visualize,"Reuse for grouped text corpora that need tokenization, term comparison, and context-aware vocabulary analysis",extracted,
Analyzing space launches in R,raw-data/inspiration/Analyzing space launches in R.txt,data-screencasts/space-launches.Rmd,space_launches,TidyTuesday 2019-01-15 source files,"Explore distributions, group differences, and notable patterns in space launches through cleaning, summarization, and visualization",EDA,load_inspect_join_trend_compare_visualize,"Reuse for exploratory datasets that need schema inspection, grouped summaries, and visualization-first storytelling",extracted,
Analyzing squirrels in NYC in R,raw-data/inspiration/Analyzing squirrels in NYC in R.txt,data-screencasts/nyc-squirrels.Rmd,squirrels_nyc,TidyTuesday 2019-10-29 source files,"Explore geographic variation in squirrels in NYC through joins, summarization, and visualization",Modeling,load_inspect_map_model_evaluate_visualize,Reuse for structured datasets where descriptive analysis leads into explanatory or predictive models,extracted,
Analyzing Super Bowl ads in R,raw-data/inspiration/Analyzing Super Bowl ads in R.txt,data-screencasts/2021_03_02_super_bowl_ads.Rmd,super_bowl_ads,TidyTuesday 2021-03-02 dataset,"Explore and compare language patterns in Super Bowl ads using tokenization, grouped counts, and discriminative text analysis",Modeling,load_inspect_reshape_join_tokenize_trend_model_evaluate_visualize,"Reuse for grouped text corpora that need tokenization, term comparison, and context-aware vocabulary analysis",extracted,
Analyzing tennis tournaments in R,raw-data/inspiration/Analyzing tennis tournaments in R.txt,data-screencasts/grand-slams.Rmd,tennis_tournaments,TidyTuesday 2019-04-09 source files,"Explore distributions, group differences, and notable patterns in tennis tournaments through cleaning, summarization, and visualization",EDA,load_inspect_reshape_join_trend_compare_visualize,"Reuse for messy multi-table datasets that need reshaping, enrichment, and grouped summaries before plotting",extracted,
Analyzing Thanksgiving dinners in R,raw-data/inspiration/Analyzing Thanksgiving dinners in R.txt,data-screencasts/thanksgiving.Rmd,thanksgiving_dinners,Local source files read in episode: https://raw.githubusercontent.com/rfordatascience/tidytuesday/master/data/2018-11-20/thanksgiving_meals.csv,"Explore distributions, group differences, and notable patterns in Thanksgiving dinners through cleaning, summarization, and visualization",EDA,load_inspect_reshape_join_compare_visualize,"Reuse for messy multi-table datasets that need reshaping, enrichment, and grouped summaries before plotting",extracted,
Analyzing the Bechdel test in R,raw-data/inspiration/Analyzing the Bechdel test in R.txt,data-screencasts/2021_03_09_bechdel_test.Rmd,bechdel_test,TidyTuesday 2021-03-09 dataset,"Predict or estimate outcomes in the Bechdel test using cleaned features, exploratory analysis, and model evaluation",Predictive,load_inspect_reshape_join_tokenize_trend_model_evaluate_visualize,"Reuse for tabular datasets with a clear outcome column, engineered features, and model evaluation needs",extracted,
Analyzing the Big Mac index in R,raw-data/inspiration/Analyzing the Big Mac index in R.txt,data-screencasts/2020_12_22_big_mac_index.Rmd,big_mac_index,TidyTuesday 2020-12-22 dataset,"Explore distributions, group differences, and notable patterns in the Big Mac index through cleaning, summarization, and visualization",EDA,load_inspect_reshape_trend_compare_visualize,"Reuse for exploratory datasets that need schema inspection, grouped summaries, and visualization-first storytelling",extracted,
Analyzing the golden age of television in R,raw-data/inspiration/Analyzing the golden age of television in R.txt,data-screencasts/golden-age-tv.Rmd,golden_age_television,TidyTuesday 2019-01-08 source files,"Explore, explain, and model patterns in the golden age of television using engineered features and comparative summaries",Modeling,load_inspect_reshape_join_trend_model_evaluate_visualize,Reuse for structured datasets where descriptive analysis leads into explanatory or predictive models,extracted,
Analyzing the Great American Beer Festival,raw-data/inspiration/Analyzing the Great American Beer Festival.txt,data-screencasts/2020_10_20_beer_awards.Rmd,great_american_beer_festival,TidyTuesday 2020-10-20 dataset,"Explore and compare language patterns in the Great American Beer Festival using tokenization, grouped counts, and discriminative text analysis",Modeling,load_inspect_reshape_join_tokenize_trend_model_evaluate_visualize,"Reuse for grouped text corpora that need tokenization, term comparison, and context-aware vocabulary analysis",extracted,approximate topic match
Analyzing the Kenya census in R,raw-data/inspiration/Analyzing the Kenya census in R.txt,data-screencasts/2021_01_19_kenya_census.Rmd,kenya_census,TidyTuesday 2021-01-19 dataset,"Explore geographic and temporal variation in the Kenya census through joins, summarization, and mapping",EDA,load_inspect_reshape_join_map_trend_compare_visualize,"Reuse for geographic datasets with region codes, time fields, and map-ready joins",extracted,
Analyzing tidying and analyzing US PhDs in R,raw-data/inspiration/Analyzing tidying and analyzing US PhDs in R.txt,data-screencasts/us_phds.Rmd,tidying_phds,Dataset inferred from us_phds.Rmd,"Explore distributions, group differences, and notable patterns in tidying and analyzing US PhDs through cleaning, summarization, and visualization",EDA,load_inspect_reshape_trend_compare_visualize,"Reuse for exploratory datasets that need schema inspection, grouped summaries, and visualization-first storytelling",extracted,
Analyzing tidytuesday and rstats tweets in R,raw-data/inspiration/Analyzing tidytuesday and rstats tweets in R.txt,data-screencasts/tidytuesday-tweets.Rmd,tidytuesday_rstats_tweets,"External sources used in episode: https://github.com/rfordatascience/tidytuesday/blob/master/data/2019/2019-01-01/rstats_tweets.rds?raw=true, https://github.com/rfordatascience/tidytuesday/blob/master/data/2019/2019-01-01/tidytuesday_tweets.rds?raw=true, ...","Explore and compare language patterns in tidytuesday and rstats tweets using tokenization, grouped counts, and discriminative text analysis",EDA,load_inspect_scrape_join_tokenize_trend_compare_visualize,"Reuse for grouped text corpora that need tokenization, term comparison, and context-aware vocabulary analysis",extracted,
Analyzing Tour de France data in R,raw-data/inspiration/Analyzing Tour de France data in R.txt,data-screencasts/tour-de-france.Rmd,tour_de_france,TidyTuesday 2020-04-07 dataset,"Explore and compare language patterns in Tour de France using tokenization, grouped counts, and discriminative text analysis",Modeling,load_inspect_join_tokenize_trend_model_evaluate_visualize,"Reuse for grouped text corpora that need tokenization, term comparison, and context-aware vocabulary analysis",extracted,
Analyzing train delays in France in R,raw-data/inspiration/Analyzing train delays in France in R.txt,data-screencasts/french-trains.Rmd,train_delays_france,TidyTuesday 2019-02-26 source files,"Explore distributions, group differences, and notable patterns in train delays in France through cleaning, summarization, and visualization",EDA,load_inspect_trend_compare_visualize,"Reuse for exploratory datasets that need schema inspection, grouped summaries, and visualization-first storytelling",extracted,
Analyzing transit costs in R,raw-data/inspiration/Analyzing transit costs in R.txt,data-screencasts/2021_01_05_transit_costs.Rmd,transit_costs,TidyTuesday 2021-01-05 dataset,"Explore distributions, group differences, and notable patterns in transit costs through cleaning, summarization, and visualization",EDA,load_inspect_trend_compare_visualize,"Reuse for exploratory datasets that need schema inspection, grouped summaries, and visualization-first storytelling",extracted,
Analyzing UN votes in R,raw-data/inspiration/Analyzing UN votes in R.txt,data-screencasts/2021_03_23_un_votes.Rmd,un_votes,TidyTuesday 2021-03-23 dataset,"Explore and compare language patterns in UN votes using tokenization, grouped counts, and discriminative text analysis",EDA,load_inspect_reshape_join_tokenize_map_trend_compare_visualize,"Reuse for grouped text corpora that need tokenization, term comparison, and context-aware vocabulary analysis",extracted,
Analyzing US dairy consumption in R,raw-data/inspiration/Analyzing US dairy consumption in R.txt,data-screencasts/us-dairy.Rmd,dairy_consumption,TidyTuesday 2019-01-29 source files,"Explore distributions, group differences, and notable patterns in US dairy consumption through cleaning, summarization, and visualization",EDA,load_inspect_reshape_trend_simulate_compare_visualize,"Reuse for exploratory datasets that need schema inspection, grouped summaries, and visualization-first storytelling",extracted,
Analyzing US wind data in R,raw-data/inspiration/Analyzing US wind data in R.txt,data-screencasts/us-wind.Rmd,wind,Local source files read in episode: https://raw.githubusercontent.com/rfordatascience/tidytuesday/master/data/2018-11-06/us_wind.csv,"Explore distributions, group differences, and notable patterns in US wind through cleaning, summarization, and visualization",EDA,load_inspect_trend_simulate_compare_visualize,"Reuse for exploratory datasets that need schema inspection, grouped summaries, and visualization-first storytelling",extracted,
Analyzing Video Games in R,raw-data/inspiration/Analyzing Video Games in R.txt,data-screencasts/2021_03_16_video_games.Rmd,video_games,TidyTuesday 2021-03-16 dataset,"Explore distributions, group differences, and notable patterns in Video Games through cleaning, summarization, and visualization",EDA,load_inspect_reshape_join_trend_compare_visualize,"Reuse for messy multi-table datasets that need reshaping, enrichment, and grouped summaries before plotting",extracted,
Analyzing volcano eruptions in R,raw-data/inspiration/Analyzing volcano eruptions in R.txt,data-screencasts/volcano-eruptions.Rmd,volcano_eruptions,TidyTuesday 2020-05-12 dataset,"Explore distributions, group differences, and notable patterns in volcano eruptions through cleaning, summarization, and visualization",EDA,load_inspect_reshape_trend_compare_visualize,"Reuse for exploratory datasets that need schema inspection, grouped summaries, and visualization-first storytelling",extracted,
Analyzing water access points in R,raw-data/inspiration/Analyzing water access points in R.txt,data-screencasts/2021_05_04_water_access.Rmd,water_access_points,TidyTuesday 2021-05-04 dataset,"Explore distributions, group differences, and notable patterns in water access points through cleaning, summarization, and visualization",EDA,load_inspect_reshape_trend_compare_visualize,"Reuse for exploratory datasets that need schema inspection, grouped summaries, and visualization-first storytelling",extracted,
Analyzing wealth and income in R,raw-data/inspiration/Analyzing wealth and income in R.txt,data-screencasts/2021_05_18_salary_survey.Rmd,wealth_income,TidyTuesday 2021-05-18 dataset,"Predict or estimate outcomes in wealth and income using cleaned features, exploratory analysis, and model evaluation",Predictive,load_inspect_trend_simulate_model_evaluate_visualize,"Reuse for tabular datasets with a clear outcome column, engineered features, and model evaluation needs",extracted,approximate topic match
Analyzing Women's World Cup data in R,raw-data/inspiration/Analyzing Women's World Cup data.txt,data-screencasts/womens-world-cup.Rmd,women_s_world_cup,TidyTuesday 2019-07-09 source files,"Explore distributions, group differences, and notable patterns in Women's World Cup through cleaning, summarization, and visualization",EDA,load_inspect_scrape_join_trend_compare_visualize,Reuse for datasets that must be assembled from HTML or JSON sources before analysis,extracted,
Analyzing X-Men comics in R,raw-data/inspiration/Analyzing X-Men comics in R.txt,data-screencasts/uncanny-xmen.Rmd,x_men_comics,TidyTuesday 2020-06-30 dataset,"Explore distributions, group differences, and notable patterns in X-Men comics through cleaning, summarization, and visualization",EDA,load_inspect_join_compare_visualize,"Reuse for exploratory datasets that need schema inspection, grouped summaries, and visualization-first storytelling",extracted,
Analyzng scraping and analyzing ramen reviews in R,raw-data/inspiration/Analyzng scraping and analyzing ramen reviews in R.txt,data-screencasts/ramen-ratings.Rmd,analyzng_scraping_ramen_reviews,TidyTuesday 2019-06-04 source files,"Explore and compare language patterns in scraping and analyzing ramen reviews using tokenization, grouped counts, and discriminative text analysis",Modeling,load_inspect_scrape_reshape_join_tokenize_model_evaluate_visualize,"Reuse for grouped text corpora that need tokenization, term comparison, and context-aware vocabulary analysis",extracted,
